<?xml version="1.0" encoding="UTF-8"?>
<project-private xmlns="http://www.netbeans.org/ns/project-private/1">
    <editor-bookmarks xmlns="http://www.netbeans.org/ns/editor-bookmarks/2" lastBookmarkId="0"/>
    <open-files xmlns="http://www.netbeans.org/ns/projectui-open-files/2">
        <group>
            <file>file:/Users/rbastide/OneDrive/Enseignement/Java/JUnit/TicketMachine/test/NewEmptyJUnitTest.java</file>
            <file>file:/Users/rbastide/OneDrive/Enseignement/Java/JUnit/TicketMachine/src/ticketmachine/Main.java</file>
            <file>file:/Users/rbastide/OneDrive/Enseignement/Java/JUnit/TicketMachine/src/ticketmachine/TicketMachine.java</file>
            <file>file:/Users/rbastide/OneDrive/Enseignement/Java/JUnit/TicketMachine/test/ticketmachine/TestTicketMachine.java</file>
        </group>
    </open-files>
</project-private>
